-- phpMyAdmin SQL Dump
-- version 5.1.1
-- https://www.phpmyadmin.net/
--
-- Máy chủ: 127.0.0.1
-- Thời gian đã tạo: Th7 12, 2022 lúc 06:01 AM
-- Phiên bản máy phục vụ: 10.4.22-MariaDB
-- Phiên bản PHP: 8.1.2

SET SQL_MODE = "NO_AUTO_VALUE_ON_ZERO";
START TRANSACTION;
SET time_zone = "+00:00";


/*!40101 SET @OLD_CHARACTER_SET_CLIENT=@@CHARACTER_SET_CLIENT */;
/*!40101 SET @OLD_CHARACTER_SET_RESULTS=@@CHARACTER_SET_RESULTS */;
/*!40101 SET @OLD_COLLATION_CONNECTION=@@COLLATION_CONNECTION */;
/*!40101 SET NAMES utf8mb4 */;

--
-- Cơ sở dữ liệu: `j6_shop`
--

-- --------------------------------------------------------

--
-- Cấu trúc bảng cho bảng `accounts`
--

CREATE TABLE `accounts` (
  `id` int(11) NOT NULL,
  `username` varchar(255) NOT NULL,
  `password` varchar(255) NOT NULL,
  `fullname` varchar(255) NOT NULL,
  `email` varchar(255) NOT NULL,
  `image` varchar(255) NOT NULL,
  `status` int(11) NOT NULL,
  `reset_password_token` varchar(45) NOT NULL
) ENGINE=InnoDB DEFAULT CHARSET=utf8mb4;

--
-- Đang đổ dữ liệu cho bảng `accounts`
--

INSERT INTO `accounts` (`id`, `username`, `password`, `fullname`, `email`, `image`, `status`, `reset_password_token`) VALUES
(1, 'phuongtd', '123', 'Tran Duc Phuong', 'tdphuong2002@gmail.com', '', 1, ''),
(2, 'phuongnm', '123', 'Nguyen Minh Phuong', 'tdphuong2002@gmail.com', '', 1, ''),
(3, 'user3', '123', 'user3', 'user3@gmail.com', '', 1, '');

-- --------------------------------------------------------

--
-- Cấu trúc bảng cho bảng `account_roles`
--

CREATE TABLE `account_roles` (
  `id` int(11) NOT NULL,
  `account_id` int(11) NOT NULL,
  `role_id` int(11) NOT NULL
) ENGINE=InnoDB DEFAULT CHARSET=utf8mb4;

--
-- Đang đổ dữ liệu cho bảng `account_roles`
--

INSERT INTO `account_roles` (`id`, `account_id`, `role_id`) VALUES
(1, 1, 2),
(2, 1, 3),
(3, 1, 4),
(4, 2, 4),
(5, 2, 3),
(6, 3, 4);

-- --------------------------------------------------------

--
-- Cấu trúc bảng cho bảng `categories`
--

CREATE TABLE `categories` (
  `id` int(11) NOT NULL,
  `name` varchar(255) NOT NULL,
  `status` int(11) NOT NULL
) ENGINE=InnoDB DEFAULT CHARSET=utf8mb4;

--
-- Đang đổ dữ liệu cho bảng `categories`
--

INSERT INTO `categories` (`id`, `name`, `status`) VALUES
(18, 'Jacket', 1),
(19, 'Socks', 1),
(20, 'Watches', 1),
(21, 'Shirt', 1),
(22, 'Coat', 1),
(23, 'Pants', 1),
(25, 'Test2', 0),
(26, 'Test', 0),
(27, 'Test 1', 1);

-- --------------------------------------------------------

--
-- Cấu trúc bảng cho bảng `orders`
--

CREATE TABLE `orders` (
  `id` int(11) NOT NULL,
  `account_id` int(11) NOT NULL,
  `create_date` timestamp NOT NULL DEFAULT current_timestamp() ON UPDATE current_timestamp(),
  `address` varchar(255) NOT NULL,
  `status` int(11) NOT NULL
) ENGINE=InnoDB DEFAULT CHARSET=utf8mb4;

-- --------------------------------------------------------

--
-- Cấu trúc bảng cho bảng `order_details`
--

CREATE TABLE `order_details` (
  `id` int(11) NOT NULL,
  `order_id` int(11) NOT NULL,
  `product_id` int(11) NOT NULL,
  `price` double NOT NULL,
  `quantity` int(11) NOT NULL
) ENGINE=InnoDB DEFAULT CHARSET=utf8mb4;

-- --------------------------------------------------------

--
-- Cấu trúc bảng cho bảng `products`
--

CREATE TABLE `products` (
  `id` int(11) NOT NULL,
  `name` varchar(255) NOT NULL,
  `price` double NOT NULL,
  `created_date` timestamp NOT NULL DEFAULT current_timestamp(),
  `updated_date` timestamp NOT NULL DEFAULT current_timestamp(),
  `category_id` int(11) NOT NULL,
  `available` int(11) NOT NULL,
  `quantity` int(11) NOT NULL,
  `status` int(11) NOT NULL
) ENGINE=InnoDB DEFAULT CHARSET=utf8mb4;

-- --------------------------------------------------------

--
-- Cấu trúc bảng cho bảng `roles`
--

CREATE TABLE `roles` (
  `id` int(11) NOT NULL,
  `role_name` varchar(255) NOT NULL
) ENGINE=InnoDB DEFAULT CHARSET=utf8mb4;

--
-- Đang đổ dữ liệu cho bảng `roles`
--

INSERT INTO `roles` (`id`, `role_name`) VALUES
(2, 'ADMIN'),
(3, 'USER'),
(4, 'GUEST');

--
-- Chỉ mục cho các bảng đã đổ
--

--
-- Chỉ mục cho bảng `accounts`
--
ALTER TABLE `accounts`
  ADD PRIMARY KEY (`id`);

--
-- Chỉ mục cho bảng `account_roles`
--
ALTER TABLE `account_roles`
  ADD PRIMARY KEY (`id`),
  ADD KEY `account_id` (`account_id`),
  ADD KEY `role_id` (`role_id`);

--
-- Chỉ mục cho bảng `categories`
--
ALTER TABLE `categories`
  ADD PRIMARY KEY (`id`);

--
-- Chỉ mục cho bảng `orders`
--
ALTER TABLE `orders`
  ADD PRIMARY KEY (`id`),
  ADD KEY `account_id` (`account_id`);

--
-- Chỉ mục cho bảng `order_details`
--
ALTER TABLE `order_details`
  ADD PRIMARY KEY (`id`),
  ADD KEY `order_id` (`order_id`),
  ADD KEY `product_id` (`product_id`);

--
-- Chỉ mục cho bảng `products`
--
ALTER TABLE `products`
  ADD PRIMARY KEY (`id`),
  ADD KEY `category_id` (`category_id`);

--
-- Chỉ mục cho bảng `roles`
--
ALTER TABLE `roles`
  ADD PRIMARY KEY (`id`);

--
-- AUTO_INCREMENT cho các bảng đã đổ
--

--
-- AUTO_INCREMENT cho bảng `accounts`
--
ALTER TABLE `accounts`
  MODIFY `id` int(11) NOT NULL AUTO_INCREMENT, AUTO_INCREMENT=4;

--
-- AUTO_INCREMENT cho bảng `account_roles`
--
ALTER TABLE `account_roles`
  MODIFY `id` int(11) NOT NULL AUTO_INCREMENT, AUTO_INCREMENT=7;

--
-- AUTO_INCREMENT cho bảng `categories`
--
ALTER TABLE `categories`
  MODIFY `id` int(11) NOT NULL AUTO_INCREMENT, AUTO_INCREMENT=29;

--
-- AUTO_INCREMENT cho bảng `orders`
--
ALTER TABLE `orders`
  MODIFY `id` int(11) NOT NULL AUTO_INCREMENT, AUTO_INCREMENT=41;

--
-- AUTO_INCREMENT cho bảng `order_details`
--
ALTER TABLE `order_details`
  MODIFY `id` int(11) NOT NULL AUTO_INCREMENT, AUTO_INCREMENT=50;

--
-- AUTO_INCREMENT cho bảng `products`
--
ALTER TABLE `products`
  MODIFY `id` int(11) NOT NULL AUTO_INCREMENT;

--
-- AUTO_INCREMENT cho bảng `roles`
--
ALTER TABLE `roles`
  MODIFY `id` int(11) NOT NULL AUTO_INCREMENT, AUTO_INCREMENT=5;

--
-- Các ràng buộc cho các bảng đã đổ
--

--
-- Các ràng buộc cho bảng `account_roles`
--
ALTER TABLE `account_roles`
  ADD CONSTRAINT `account_roles_ibfk_1` FOREIGN KEY (`account_id`) REFERENCES `accounts` (`id`),
  ADD CONSTRAINT `account_roles_ibfk_2` FOREIGN KEY (`role_id`) REFERENCES `roles` (`id`);

--
-- Các ràng buộc cho bảng `orders`
--
ALTER TABLE `orders`
  ADD CONSTRAINT `orders_ibfk_1` FOREIGN KEY (`account_id`) REFERENCES `accounts` (`id`);

--
-- Các ràng buộc cho bảng `order_details`
--
ALTER TABLE `order_details`
  ADD CONSTRAINT `order_details_ibfk_1` FOREIGN KEY (`order_id`) REFERENCES `orders` (`id`),
  ADD CONSTRAINT `order_details_ibfk_2` FOREIGN KEY (`product_id`) REFERENCES `products` (`id`);

--
-- Các ràng buộc cho bảng `products`
--
ALTER TABLE `products`
  ADD CONSTRAINT `products_ibfk_1` FOREIGN KEY (`category_id`) REFERENCES `categories` (`id`);
COMMIT;

/*!40101 SET CHARACTER_SET_CLIENT=@OLD_CHARACTER_SET_CLIENT */;
/*!40101 SET CHARACTER_SET_RESULTS=@OLD_CHARACTER_SET_RESULTS */;
/*!40101 SET COLLATION_CONNECTION=@OLD_COLLATION_CONNECTION */;
